index,name,tele,address,more_inf_url,email,web_site_url
0,Soloplan,['+49 831 574070'],,https://www.cloudlist.fr/annuaire/editeurs/logiciels-metiers/soloplan-2/,,https://www.soloplan.fr/
1,think project! France,['+33 1 34 65 95 24'],Energy Park 3 – Immeuble l’Etendard,https://www.cloudlist.fr/annuaire/editeurs/logiciels-metiers/think-project-france/,,https://www.thinkproject.com/fr/accueil/
2,Axiscope,['+33 6 87 98 65 98'],"69, rue de Paris - 91400 Orsay",https://www.cloudlist.fr/annuaire/editeurs/cloud/axiscope-logiciel-de-gestion-des-achats/,,https://www.axiscope.com/
3,NexusPro,['+92 42 3578 1941-42'],,https://www.cloudlist.fr/annuaire/editeurs/cloud/nexuspro-2/,,https://www.nexuspro.pk/
4,PASS Services,['0660109383'],"39 Rue Ramponeau, 75020 Paris, France",https://www.cloudlist.fr/annuaire/editeurs/logiciels-metiers/pass-services/,yannick@pass-services.com,https://pass-services.com
5,PYTHEOS,['0442691858'],Espace l'Ombriere,https://www.cloudlist.fr/annuaire/editeurs/logiciels-metiers/pytheos-solution-web-de-pilotage-de-la-performance/,contact@pytheos.com,https://www.pytheos.com
6,Efront,['+33 (0)1 49 96 40 60'],"4, Rue Louis David",https://www.cloudlist.fr/annuaire/editeurs/logiciels-metiers/efront/,,https://www.efront.com/
7,EasyVista,['+33 1 55 85 91 00'],"10 Rue Bienvenue, 93160 Noisy-le-Grand, France",https://www.cloudlist.fr/annuaire/editeurs/logiciels-metiers/easyvista/,,https://www.easyvista.com/fr/
8,Datadog,['+1 866-329-4466'],,https://www.cloudlist.fr/annuaire/editeurs/cloud/datadog/,,https://www.datadoghq.com/
9,Logiciel Qualité Qualipro,['+33616369679'],140 Rue De Rennes,https://www.cloudlist.fr/annuaire/editeurs/logiciels-metiers/logiciel-qualite-qualipro/,marketing@saphirconsult.com,https://qualipro-qms.com/
10,Inconso/Körber,['04 15 45 94 20'],,https://www.cloudlist.fr/annuaire/editeurs/logiciels-metiers/inconso-koerber/,,https://www.inconso.com/fr/home
11,Jedox,['01 86 47 79 76'],,https://www.cloudlist.fr/annuaire/editeurs/logiciels-metiers/jedox/,,https://www.jedox.com/fr/plateforme/
12,Opteva,['02 40 71 77 41'],Immeuble Asturia Bâtiment C,https://www.cloudlist.fr/annuaire/editeurs/logiciels-metiers/opteva/,,https://opteva.fr/
13,Labware,['01 69 18 72 72'],,https://www.cloudlist.fr/annuaire/editeurs/cloud/labware/,,https://www.labware.com/fr/
14,Artifakt,['01 48 75 59 69'],62 avenue gambetta,https://www.cloudlist.fr/annuaire/editeurs/logiciels-metiers/artifakt/,,http://www.artifakt.io
15,Talentia Software,['04 72 14 19 00'],,https://www.cloudlist.fr/annuaire/editeurs/logiciels-metiers/talentia-software/,,https://www.talentia-software.com/fr/
16,Daqsan,['0251052868'],"8 Rue René Coty, 85000 La Roche-sur-Yon, France",https://www.cloudlist.fr/annuaire/editeurs/big-data/daqsan/,contact@daqsan.fr,https://daqsan.com/fr/?utm_source=cloudlist&utm_medium=Annuaires&utm_campaign=cloudlist
17,Akwari,['0673451691'],603 Bd Président Wilson,https://www.cloudlist.fr/annuaire/editeurs/logiciels-metiers/akwari-data-science-pour-lenvironnement/,,https://akwari.org
18,Heflo,['+32 2 320 20 11'],,https://www.cloudlist.fr/annuaire/editeurs/cloud/heflo/,,https://www.heflo.com/fr/
19,Hubspot,['+33172730500'],"91 Boulevard Haussmann, 75008 Paris, France",https://www.cloudlist.fr/annuaire/editeurs/logiciels-metiers/hubspot/,,https://www.hubspot.fr/
20,Loré,['0184192470'],18 B rue de la Réole,https://www.cloudlist.fr/annuaire/editeurs/conseil-et-services/solutions-metier-pour-les-entreprises-immobilieres/,achat@lore-finance.com,https://www.lore-finance.com/
21,Price Observatory,['01 84 20 33 05'],28 Avenue de Maurin,https://www.cloudlist.fr/annuaire/editeurs/logiciels-metiers/price-observatory/,,https://www.price-observatory.com/fr/
22,Jamespot,['01 48 58 18 01'],"66 Rue Marceau, 93100 Montreuil, France",https://www.cloudlist.fr/annuaire/editeurs/logiciels-metiers/jamespot/,info@jamespot.com,https://www.fr.jamespot.com/?utm_source=cloudlist
23,Apsynet,['01 55 17 21 31'],"Rue Carpeaux, 78500 Sartrouville, France",https://www.cloudlist.fr/annuaire/editeurs/logiciels-metiers/apsynet/,contacts@apsynet.com,https://www.apsynet.fr/
24,Siemens,['04 37 69 72 30'],,https://www.cloudlist.fr/annuaire/editeurs/cloud/siemens-2/,,https://www.sw.siemens.com/fr-FR/
25,Twimm,['+33 1 40 93 99 50'],"8 rue de Saint Cloud, 92150 Suresnes, France",https://www.cloudlist.fr/annuaire/editeurs/logiciels-metiers/twimm/,contact@twipi-group.com,https://twipi-group.com/solution/twimm-la-gmao-experte-et-mobile-des-prestataires/
26,Aveva,['01 58 64 14 40'],,https://www.cloudlist.fr/annuaire/editeurs/cloud/aveva/,,https://www.aveva.com/
27,Actito,['+33 185763090'],"11 Rue Du Faubourg Poissonnière, 75009 Paris, France",https://www.cloudlist.fr/annuaire/editeurs/logiciels-metiers/actito/,,https://www.actito.com/fr-BE/
28,New Relic,['01 87 16 13 24'],,https://www.cloudlist.fr/annuaire/editeurs/cloud/new-relic/,,https://newrelic.com/fr
29,Goaland,['0140101999'],155 Rue du Docteur Bauer,https://www.cloudlist.fr/annuaire/editeurs/logiciels-metiers/goaland/,hello@goaland.com,https://www.goaland.fr/
30,Autodesk,['01 87 16 13 24'],,https://www.cloudlist.fr/annuaire/editeurs/cloud/autodesk/,,https://www.autodesk.fr/
31,Informatica,['+33 01 42 04 89 00'],16 Place de l'Iris Courbevoie,https://www.cloudlist.fr/annuaire/editeurs/logiciels-metiers/informatica/,,https://www.informatica.com/fr/
32,Cegid,['+33 (0) 811 88 48 88'],25-27 Rue d'Astorg,https://www.cloudlist.fr/annuaire/editeurs/erp/cegid/,,https://www.cegid.com/fr/
33,Oalia,['+33 (0)1 74 70 16 16'],"38 Boulevard Henri Sellier, 92150 Suresnes, France",https://www.cloudlist.fr/annuaire/editeurs/logiciels-metiers/oalia/,contact@oalia.com,https://www.oalia.com
34,Talend,['01 46 25 06 00'],,https://www.cloudlist.fr/annuaire/editeurs/cloud/talend/,,https://www.talend.com/fr/
35,inRiver,['https://www.inriver.com/about/contact/'],,https://www.cloudlist.fr/annuaire/editeurs/cloud/inriver/,,https://www.inriver.com/
36,KLS Group,,,https://www.cloudlist.fr/annuaire/editeurs/logiciels-metiers/kls-group/,,https://www.kls-group.fr/
37,Plezi,['01 83 81 51 85'],"Rue Des Archives, 75004 Paris, France",https://www.cloudlist.fr/annuaire/editeurs/logiciels-metiers/plezi/,,https://www.plezi.co/fr/
38,"Kantree, booste la collaboration à travers toute votre entreprise",['09 72 55 06 44'],"10 Rue De Penthièvre, 75008 Paris, France",https://www.cloudlist.fr/annuaire/editeurs/sirh/kantree-booste-la-collaboration-a-travers-toute-votre-entreprise/,lorene@kantree.io,https://kantree.io/fr
39,DOMMS,['09 72 50 02 77'],24 rue du corps franc pommies,https://www.cloudlist.fr/annuaire/editeurs/logiciels-metiers/domms/,postmaster@ovalietech.com,http://www.domms.fr
40,Dynatrace,['04 26 10 95 55'],,https://www.cloudlist.fr/annuaire/editeurs/logiciels-metiers/dynatrace/,,https://www.dynatrace.fr/
41,Toolcie,,Comba Borel 7,https://www.cloudlist.fr/annuaire/editeurs/logiciels-metiers/toolcie-logiciel-de-devis-et-facturation/,,https://toolcie.com/
42,Opscidia,['0652283728'],"12 Rue Anselme, 93400 Saint-Ouen-sur-Seine, France",https://www.cloudlist.fr/annuaire/editeurs/big-data/opscidia/,roxane.depauw@opscidia.com,https://www.opscidia.com/fr/
43,Flag | Orisha,['+33494089460'],"301 Littoral Frédéric Mistral, 83000 Toulon, France",https://www.cloudlist.fr/annuaire/editeurs/logiciels-metiers/flag-orisha/,contact.flag@orisha.com,https://flag-systemes.com/
44,Visiativ,['04 78 87 60 34'],Auvergne-Rhône-Alpes,https://www.cloudlist.fr/annuaire/editeurs/cloud/visiativ/,digital@visiativ.com,https://www.visiativ.com/
45,Nemetschek,['+49 89 540459-0'],,https://www.cloudlist.fr/annuaire/editeurs/logiciels-metiers/nemetschek/,,https://www.nemetschek.com/en
46,Logiciel de GMAO allMAINT,['0555466506'],"France, Nouvelle-Aquitaine",https://www.cloudlist.fr/annuaire/editeurs/logiciels-metiers/logiciel-de-gmao-allmaint/,info@allmaint.com,https://www.allmaint.com/
47,DOCUWARE,['0157190323'],17 RUE DU COLISEE,https://www.cloudlist.fr/annuaire/editeurs/cloud/docuware-2/,infoline@docuware.com,https://start.docuware.com/fr/
48,Belharra Numérique,['0559704070'],"155 Impasse Oihana, 64200 Bassussarry, France",https://www.cloudlist.fr/annuaire/editeurs/conseil-et-services/belharra-numerique/,,http://www.belharra.fr
49,Kwanzeo,,12 rue des Jeûneurs,https://www.cloudlist.fr/annuaire/editeurs/big-data/kwanzeo-lesn-specialiste-en-cloud-et-en-data-intelligence/,,https://kwanzeo.com
50,NovaBricks – Plateforme No-Code / Low-Code,['09 72 39 49 85'],"165 Avenue De Bretagne, 59000 Lille, France",https://www.cloudlist.fr/annuaire/editeurs/logiciels-metiers/novabricks-plateforme-no-code-low-code/,contact@novabricks.com,https://www.novabricks.com/
51,Parthena Consultant,['01 40 95 30 41'],"305 Avenue Le Jour-Se-Lève, 92100 Boulogne-Billancourt, France",https://www.cloudlist.fr/annuaire/editeurs/sirh/parthena-consultant/,,https://www.parthena.com/fr/
52,Ishinomakiya,['+33340537948'],"10 Rue De Penthièvre, 75008 Paris, France",https://www.cloudlist.fr/annuaire/editeurs/cloud/ishinomakiya/,margot@ishinomakiya.com,https://ishinomakiya.com
53,Votim,['+33 1 40 99 93 50'],"8 rue de Saint Cloud, 92150 Suresnes, France",https://www.cloudlist.fr/annuaire/editeurs/logiciels-metiers/votim/,contact@twipi-group.com,https://twipi-group.com/solution/votim-simplifiez-et-accelerez-vos-assemblees-generales-de-copropriete/
54,NewWaySERVICE.com,['418-524-5066 poste 202'],"979 Avenue De Bourgogne, Québec, Quebec G1W 2L4, Canada",https://www.cloudlist.fr/annuaire/editeurs/logiciels-metiers/newwayservice-com/,info@newwayservice.com,https://fr.newwayservice.com/
55,WEELITE FRANCE,['0033188320988'],440 Clos de la Courtine,https://www.cloudlist.fr/annuaire/editeurs/conseil-et-services/weelite-france/,,http://weelite-france.fr/
56,DataValue Consulting,['01 81 89 41 70'],"9 Boulevard Du Général De Gaulle, 92120 Montrouge, France",https://www.cloudlist.fr/annuaire/editeurs/conseil-et-services/datavalue-consulting/,,https://datavalue-consulting.com/
57,OneBase Solutions,['0619254440'],"81 Boulevard Pierre 1er, 33110 Le Bouscat, France",https://www.cloudlist.fr/annuaire/editeurs/conseil-et-services/onebase-solutions/,m.bonnas@team-one.fr,https://www.onebase.fr/
58,Tootwi,['+33 1 40 93 99 50'],"8 rue de Saint Cloud, 92150 Suresnes, France",https://www.cloudlist.fr/annuaire/editeurs/logiciels-metiers/tootwi/,contact@twipi-group.com,https://twipi-group.com/solution/tootwi-gerez-plus-vite-grace-aux-residents/
59,Bonitasoft,['08 92 97 70 95 (surtaxÃ©)'],,https://www.cloudlist.fr/annuaire/editeurs/logiciels-metiers/bonitasoft/,,https://fr.bonitasoft.com/
60,Oracle,['01 57 60 20 20'],,https://www.cloudlist.fr/annuaire/editeurs/cloud/oracle/,,https://www.oracle.com/fr/
61,Legal Archive – Tiers de confiance numérique,['0777498392'],"442 Rue Georges Besse, 30000 Nîmes, France",https://www.cloudlist.fr/annuaire/editeurs/cloud/legal-archive-tiers-de-confiance-numerique/,kcarlet@legalarchive.fr,https://legalarchive.fr/
62,Axelor,['01 83 64 06 50'],23 Rue Alfred Nobel,https://www.cloudlist.fr/annuaire/editeurs/erp/axelor/,contact@axelor.com,https://axelor.com/
63,Intwi,['+33 1 40 93 99 50'],"8 rue de Saint Cloud, 92150 Suresnes, France",https://www.cloudlist.fr/annuaire/editeurs/logiciels-metiers/intwi/,contact@twipi-group.com,https://twipi-group.com/solution/intwi-facilitez-les-echanges-gagnez-au-change/
64,W3Plus,['+33470595970'],"5 Rue Des Ancises, 03300 Creuzier-le-Neuf, France",https://www.cloudlist.fr/annuaire/editeurs/conseil-et-services/w3plus/,,https://www.w3plus.fr/
65,Easiware,['09 78 45 01 91'],,https://www.cloudlist.fr/annuaire/editeurs/logiciels-metiers/easiware/,,https://www.easiware.com/
66,Linedata Services,['+33 (0)1 73 43 70 10'],27 Rue d'Orléans,https://www.cloudlist.fr/annuaire/editeurs/logiciels-metiers/linedata-services/,,https://fr.linedata.com/
67,AGI,['+33661652292'],28 chemin du Lubet,https://www.cloudlist.fr/annuaire/editeurs/erp/agi/,jy.page@a-g-i.fr,http://www.a-g-i.fr
68,Hyperlex,['+33 9 72 65 16 24'],"13 Rue De La Grange Batelière, 75009 Paris, France",https://www.cloudlist.fr/annuaire/editeurs/cloud/hyperlex/,contact@hyperlex.ai,https://hyperlex.ai
69,Simsoft Industry,['+33 (0)5 31 61 85 10'],Le California - Hall 'A' 1244 rue l'Occitane,https://www.cloudlist.fr/annuaire/editeurs/logiciels-metiers/simsoft-industry/,webcom.agency.fr@gmail.com,https://www.simsoft-industry.com/
70,Esker,['+33 (0)8 11 65 12 41'],113 Boulevard Stalingrad,https://www.cloudlist.fr/annuaire/editeurs/logiciels-metiers/esker/,,https://www.esker.fr/
71,Akio,['+33 1 53 20 63 81'],,https://www.cloudlist.fr/annuaire/editeurs/logiciels-metiers/akio/,,https://www.akio.com/fr/logiciel-service-client-akio-cx/
72,Zoho,['+33 (0)805542462'],,https://www.cloudlist.fr/annuaire/editeurs/logiciels-metiers/zoho/,,https://www.zoho.com/fr/
73,Blue Prism,['01 87 39 38 00'],,https://www.cloudlist.fr/annuaire/editeurs/big-data/blue-prism/,,https://www.blueprism.com/fr
74,Axway,['+330149092200'],Tour Winterthur,https://www.cloudlist.fr/annuaire/editeurs/cloud/axway/,,https://www.axway.com/fr
75,Murex,['+33 (0)1 44 05 32 00'],8 Rue Bellini,https://www.cloudlist.fr/annuaire/editeurs/logiciels-metiers/murex/,,https://www.murex.com
76,Ataccama,['https://www.ataccama.com/fr/contact/sales'],,https://www.cloudlist.fr/annuaire/editeurs/logiciels-metiers/ataccama/,,www.ataccama.com/fr
77,Wedia Group,['01 44 64 87 60'],,https://www.cloudlist.fr/annuaire/editeurs/logiciels-metiers/wediagroup/,,www.wedia-group.com
78,Kobeya,['0676678465'],"110 Boulevard National, 13003 Marseille, France",https://www.cloudlist.fr/annuaire/editeurs/erp/kobeya/,contact@kobeya.fr,https://kobeya.fr/
79,Yuman,['+32470748101'],12 KANTERSTEEN,https://www.cloudlist.fr/annuaire/editeurs/mobilite/yuman/,,http://www.yuman.io
80,ePhoto,['05 86 160 666'],,https://www.cloudlist.fr/annuaire/editeurs/big-data/ephoto-2/,,https://www.ephoto.fr/
81,Atera,['Formulaire de contact'],,https://www.cloudlist.fr/annuaire/editeurs/cloud/atera/,,https://www.atera.com/fr/
82,Comarch,['04 87 91 42 06'],,https://www.cloudlist.fr/annuaire/editeurs/logiciels-metiers/comarch/,,www.comarch.fr/
83,VIF,['02 51 89 12 40'],,https://www.cloudlist.fr/annuaire/editeurs/logiciels-metiers/vif/,,vif.fr
84,Frontify,['076 242-9490'],,https://www.cloudlist.fr/annuaire/editeurs/big-data/frontify/,,www.frontify.com
85,eBrigade,['01 84 25 26 63'],12 rue Pierre Larousse 93300 Aubervilliers,https://www.cloudlist.fr/annuaire/editeurs/erp/ebrigade/,contact@ebrigade.app,https://ebrigade.app/
86,Colibri Advanced Solutions,['09 54 42 03 67'],,https://www.cloudlist.fr/annuaire/editeurs/cloud/colibriadvancedsolutions/,,https://www.colibricrm.com/
87,Akeneo,['https://www.akeneo.com/fr/contact/'],,https://www.cloudlist.fr/annuaire/editeurs/cloud/akeneo-2/,,https://www.akeneo.com/fr/
88,Simplydesk,['04 72 20 09 92'],"24, avenue Joannes Masset",https://www.cloudlist.fr/annuaire/editeurs/cloud/simplydesk/,info@pci-info.com,https://www.simplydesk.fr
89,Humanperf Software,['+33 (0)3 20 13 97 33'],199/201 Rue Colbert,https://www.cloudlist.fr/annuaire/editeurs/logiciels-metiers/humanperf/,team@humanperf.com,https://www.humanperf.com/fr/
90,ScaleDynamics,['07 83 26 26 82'],"15 Rue Du Chêne Germain, 35510 Cesson-Sévigné, France",https://www.cloudlist.fr/annuaire/editeurs/cloud/scaledynamics/,welcome@scaledynamics.com,https://scaledynamics.com/
91,Semarchy,['+33 4 87 91 89 93'],"55 Avenue René Cassin, 69009 Lyon, France",https://www.cloudlist.fr/annuaire/editeurs/logiciels-metiers/semarchy/,,https://www.semarchy.com/fr/
92,ZenDesk,['+33 9 75 18 20 86'],,https://www.cloudlist.fr/annuaire/editeurs/logiciels-metiers/zendesk-2/,,www.zendesk.fr
93,Wittyfit,['+33 (0)1 42 40 17 69'],"24 Rue De Châteaudun, 75009 Paris, France",https://www.cloudlist.fr/annuaire/editeurs/logiciels-metiers/wittyfit/,,https://wittyfit.com/
94,Sourcing Force,['0428295224'],Auvergne-Rhône-Alpes,https://www.cloudlist.fr/annuaire/editeurs/cloud/sourcing-force/,,https://www.sourcing-force.com/
95,OSLO (Kimoce),['03 89 43 88 00'],,https://www.cloudlist.fr/annuaire/editeurs/logiciels-metiers/oslo/,,https://www.kimoce.com/fr/
96,Stibo Systems,['01 44 51 08 70'],,https://www.cloudlist.fr/annuaire/editeurs/big-data/stibosystems-2/,,https://www.stibosystems.com/fr/
97,BK Systèmes – Speed WMS,['0474957500'],"Rue Condorcet, 38090 Vaulx-Milieu, France",https://www.cloudlist.fr/annuaire/editeurs/logiciels-metiers/bk-systemes-speed-wms/,contact@bksystemes.fr,http://www.bksystemes.fr
98,Quadient (anciennement Neopost SA),['+33 (0) 892 89 21 11'],7 Rue Henri Becquerel,https://www.cloudlist.fr/annuaire/editeurs/logiciels-metiers/neopost-sa/,,https://www.quadient.com/fr/page-d-accueil
99,Découvrez notre éditeur logiciel Picomto,['+33 9 72 63 23 00'],4 rue delesalle La Madeleine,https://www.cloudlist.fr/annuaire/editeurs/cloud/decouvrez-notre-editeur-logiciel-picomto/,contact@picomto.com,https://www.picomto.com/
100,CEM XNet Applications Métier,['+33 6 61 85 53 93'],Occitanie,https://www.cloudlist.fr/annuaire/editeurs/logiciels-metiers/cem-xnet-applications-metier/,em@cemxnet.fr,https://cemxnet.fr/
101,Val Software,['+33 (0)5 61 00 92 00'],"16 Avenue Salvador Dali, 31700 Blagnac, France",https://www.cloudlist.fr/annuaire/editeurs/logiciels-metiers/val-software/,ask@valsoftware.com,https://www.valsoftware.com/fr/
102,Easyrequest,['04 81 91 56 41'],Auvergne-Rhône-Alpes,https://www.cloudlist.fr/annuaire/editeurs/logiciels-metiers/easyrequest/,info@artsurleweb.com,https://www.easyrequest.fr
103,Creative IT,['04 78 83 19 90'],,https://www.cloudlist.fr/annuaire/editeurs/cloud/creative-it/,,https://www.qubes.com/fr/
104,Boomi,['+44 84552 81570'],,https://www.cloudlist.fr/annuaire/editeurs/logiciels-metiers/boomi/,,https://boomi.com/fr
105,Kerhis,['02 98 86 02 22'],,https://www.cloudlist.fr/annuaire/editeurs/logiciels-metiers/kerhis/,,https://www.kerhis.com/
106,Twipi Group,['+33 1 85 53 72 07'],,https://www.cloudlist.fr/annuaire/editeurs/logiciels-metiers/twipigroup/,,https://twipi-group.com/
107,Anakeen,['+33 (0)1 75 43 66 10'],"1-3 Avenue De Flandre, 75019 Paris, France",https://www.cloudlist.fr/annuaire/editeurs/logiciels-metiers/anakeen/,contact@anakeen.com,https://www.anakeen.com/fr/
108,Octopus ITSM,['01 72 98 03 15'],"Les Cours Mont-Royal, 1455 rue Peel, Montréal, Quebec H3A 1P2, Canada",https://www.cloudlist.fr/annuaire/editeurs/logiciels-metiers/octopus-itsm/,sales@octopus-itsm.com,https://fr.octopus-itsm.com/
109,Claranova,['+33 (0)1 41 27 19 75'],89-91 Boulevard national,https://www.cloudlist.fr/annuaire/editeurs/logiciels-metiers/claranova/,,https://claranova.fr/
110,Lisible,['0175498250'],"Rue De Solférino, 92100 Boulogne-Billancourt, France",https://www.cloudlist.fr/annuaire/editeurs/infrastructure/lisible/,sg@avecdesmots.com,http://lisible.com
111,Isagri,['+33 (0)3 44 06 40 00'],Avenue des Censives Tillé,https://www.cloudlist.fr/annuaire/editeurs/logiciels-metiers/isagri/,,https://www.isagri.fr
112,atimeus,['06649422771'],"23 Avenue Corentin Cariou, 75019 Paris, France",https://www.cloudlist.fr/annuaire/editeurs/logiciels-metiers/atimeus/,contact@atimeus.com,https://www.atimeus.com
113,Boond Manager,['0362276105'],"6 Rue De Porstrein, 29200 Brest, France",https://www.cloudlist.fr/annuaire/editeurs/logiciels-metiers/pilotez-votre-cabinet-de-conseil-esn-ou-societe-dingenierie-en-toute-simplicite/,contact@boondmanager.com,https://www.boondmanager.com/
114,DMI,['+33 (0)6 88 68 83 31'],,https://www.cloudlist.fr/annuaire/editeurs/cloud/dmi/,,www.dmi-fr.com
115,ESI Group,['+33 (0)1 53 65 14 14'],100-102 Avenue de Suffren,https://www.cloudlist.fr/annuaire/editeurs/logiciels-metiers/esi-group/,,https://www.esi-group.com/
116,Sage,['01 41 66 25 92'],"10 Place De Belgique, 92250 La Garenne-Colombes, France",https://www.cloudlist.fr/annuaire/editeurs/logiciels-metiers/sage/,contact@sage.com,https://www.sage.com/
117,Acollab,['02 85 52 00 51'],"6 Rue Du Pont, 72100 Le Mans, France",https://www.cloudlist.fr/annuaire/editeurs/logiciels-metiers/acollab-une-plateforme-collaborative-simple-efficace-et-securisee/,,https://www.acollab.com/
118,LSE,['+33(0)1 55 12 57 77'],,https://www.cloudlist.fr/annuaire/editeurs/logiciels-metiers/lse/,,https://www.lse.fr/
119,Praxedo,['01 40 33 79 79'],,https://www.cloudlist.fr/annuaire/editeurs/logiciels-metiers/praxedo-2/,,https://www.praxedo.fr/
120,Solarwinds,['+1 866 530 8040'],,https://www.cloudlist.fr/annuaire/editeurs/logiciels-metiers/solarwinds/,,http://www.solarwinds.com
121,Directskills,['+33 (0)1 75 04 60 20'],"37, Boulevard Devaux",https://www.cloudlist.fr/annuaire/editeurs/logiciels-metiers/directskills/,,https://www.directskills.com/
122,Bynder,['Contact par e-mail ou chatbot'],,https://www.cloudlist.fr/annuaire/editeurs/logiciels-metiers/bynder/,,www.bynder.com/fr
123,Synergee,['04 66 49 40 40'],"1 Boulevard Charles De Gaulle, 92700 Colombes, France",https://www.cloudlist.fr/annuaire/editeurs/cloud/synergee/,france@synergee.com,https://synergee.com/
124,Aprodix,['04 72 68 17 06'],18 Avenue Felix Faure,https://www.cloudlist.fr/annuaire/editeurs/erp/aprodix/,contact@aprodix.com,https://aprodix.fr/
125,Neeva Group,['01 75 00 03 50'],,https://www.cloudlist.fr/annuaire/editeurs/logiciels-metiers/neeva-group/,,https://www.neevagroup.com/
126,Saphyr,['+41791978691'],Sion,https://www.cloudlist.fr/annuaire/editeurs/logiciels-metiers/logiciel-de-gestion-dentreprise-100-adaptable-et-parametrable/,hello@saphyr-solutions.ch,https://www.saphyr-solutions.com
127,DL Software,['+33(0)1 58 57 22 94'],8 Avenue Hoche,https://www.cloudlist.fr/annuaire/editeurs/logiciels-metiers/dl-software/,,https://www.dlsoftware.fr/
128,Atamoz,['0650427668'],3 rue de mailly,https://www.cloudlist.fr/annuaire/editeurs/cloud/logiciel-de-gestion-locative-gratuit-en-ligne-atamoz/,infos@atamoz.fr,https://atamoz.fr/
129,AKANEA,['09 72 72 23 62'],,https://www.cloudlist.fr/annuaire/editeurs/logiciels-metiers/akanea-2/,,https://akanea.com/
130,Eurecia,['05 62 20 03 69'],,https://www.cloudlist.fr/annuaire/editeurs/cloud/eurecia/,,https://www.eurecia.com/
131,Moskitos,['01 45 06 68 28'],,https://www.cloudlist.fr/annuaire/editeurs/logiciels-metiers/moskitos/,,https://crosscut.eu/
132,BK Systèmes – Foxy APS,['0474957500'],"Rue Condorcet, 38090 Vaulx-Milieu, France",https://www.cloudlist.fr/annuaire/editeurs/logiciels-metiers/bk-systemes-foxy-aps/,contact@bksystemes.fr,http://www.bksystemes.fr
133,AgiLab,['contact@agilab.com'],,https://www.cloudlist.fr/annuaire/editeurs/big-data/agilab/,,https://www.cloudlist.fr/decryptages-logiciels/metier/lims/
134,ArpeJe,['01 73 13 68 15'],14 RUE SOLEILLET PARIS,https://www.cloudlist.fr/annuaire/editeurs/mobilite/arpeje/,rjavet@arpeje.fr,https://www.arpeje.fr/
135,Peopulse,,16 AV DE L'AGENT SARRE,https://www.cloudlist.fr/annuaire/editeurs/sirh/peopulse/,,https://www.peopulse.com/fr/
136,Atoptima,['0659921608'],"16 Place Sainte-Eulalie, 33000 Bordeaux, France",https://www.cloudlist.fr/annuaire/editeurs/logiciels-metiers/atoptima/,contact@atoptima.com,https://atoptima.fr
137,Prophix,['01 88 86 00 24'],,https://www.cloudlist.fr/annuaire/editeurs/logiciels-metiers/prophix-2/,,https://www.prophix.com/
138,Limseo,['09 72 44 17 10'],,https://www.cloudlist.fr/annuaire/editeurs/logiciels-metiers/limseo/,,https://www.limseo.eu/
139,Easy Orga,['00687950730'],98846,https://www.cloudlist.fr/annuaire/editeurs/cloud/easy-orga/,,https://easyorga.fr/
140,Best CMS + DAM pour Architecture Composable,['0611408251'],17 RUE DE LA FORGE ROYALE,https://www.cloudlist.fr/annuaire/editeurs/logiciels-metiers/best-cms-dam-pour-architecture-composable/,info@coremedia.com,http://www.coremedia.com
141,Siveco Group,['+33 1 30 45 98 80'],,https://www.cloudlist.fr/annuaire/editeurs/conseil-et-services/sivecogroup/,,https://www.siveco.com/fr
142,Triskell PPM,['0663099564'],3 rue de l'Eure,https://www.cloudlist.fr/annuaire/editeurs/logiciels-metiers/triskell-ppm/,communication@triskellsoftware.fr,http://www.triskellsoftware.com
143,BatiChiffrage,['04 75 81 27 42'],2 place Edmont Regnault,https://www.cloudlist.fr/annuaire/editeurs/cloud/batichiffrage/,info@batichiffrage.com,https://www.batichiffrage.fr/
144,VMWare,['01 47 62 79 00'],,https://www.cloudlist.fr/annuaire/editeurs/logiciels-metiers/vmware/,,https://www.vmware.com/fr.html
145,Okta,['01 85 64 08 80'],,https://www.cloudlist.fr/annuaire/editeurs/cloud/okta/,,https://www.okta.com/fr/
146,PTV Group,['01 30 75 75 75'],"Immeuble Les Miroirs – Bât. C, 18 Avenue d‘Alsace",https://www.cloudlist.fr/annuaire/editeurs/logiciels-metiers/ptv-group/,,https://www.ptvgroup.com/fr/
147,iSpring,['+33 (0) 972 465 496'],,https://www.cloudlist.fr/annuaire/editeurs/logiciels-metiers/ispring-2/,,https://www.ispring.fr/
148,AD’VALOREM : Editeur de logiciels,['04 75 69 20 50'],"2 Route De Californie, 07100 Annonay, France",https://www.cloudlist.fr/annuaire/editeurs/conseil-et-services/advalorem-editeur-de-logiciels/,infosolutions@luquet-duranton.fr,https://www.advalorem.fr/
149,Lascom,['+33 (0)1 69 35 12 20'],Energy Park 3 – Immeuble l’Etendard,https://www.cloudlist.fr/annuaire/editeurs/logiciels-metiers/lascom/,,https://www.lascom.fr/
150,Smart AdServer,+33(0)1 86 26 76 20,66 Rue de la Chaussée d'Antin,https://www.cloudlist.fr/annuaire/editeurs/logiciels-metiers/smart-adserver/,,
151,NavTrax,['02 53 55 09 96'],"60 Boulevard Maréchal Alphonse Juin, 44100 Nantes, France",https://www.cloudlist.fr/annuaire/editeurs/logiciels-metiers/navtrax/,contact-navtrax@jex-it.fr,https://www.navtrax.jex-it.fr/
152,Onaya,['01 64 68 54 40'],,https://www.cloudlist.fr/annuaire/editeurs/logiciels-metiers/onaya-2/,,https://www.onaya.com/
153,Queoval,['04 67 27 12 03'],,https://www.cloudlist.fr/annuaire/editeurs/logiciels-metiers/queoval-2/,,https://www.queoval-formation.com/
154,Inbenta France,['+33 5 31 54 94 97'],164 Route de Revel,https://www.cloudlist.fr/annuaire/editeurs/logiciels-metiers/inbenta-france/,,https://www.inbenta.com/fr/
155,NinjaOne,['0800 91 09 90'],,https://www.cloudlist.fr/annuaire/editeurs/cloud/ninjaone/,,www.ninjaone.com/fr/
156,Glibl,['0663576428'],"Lyon, Rhône, France",https://www.cloudlist.fr/annuaire/editeurs/logiciels-metiers/glibl/,contact@glibl.fr,https://glibl.fr/
157,Dokmee,['01 85 14 99 00'],,https://www.cloudlist.fr/annuaire/editeurs/logiciels-metiers/dokmee-2/,,https://www.dokmee.com/fr
158,SAP,['+33 (0) 805 800 023'],35 Rue d'Alsace,https://www.cloudlist.fr/annuaire/editeurs/erp/sap/,,https://www.sap.com/france/index.html
159,Cegedim,['+33 (0)1 49 09 22 00'],137 Rue d'Aguesseau,https://www.cloudlist.fr/annuaire/editeurs/conseil-et-services/cegedim/,,https://www.cegedim.fr
160,Globalis,['0182835170'],6B RUE AUGUSTE VITU,https://www.cloudlist.fr/annuaire/editeurs/conseil-et-services/globalis/,fred.hovart@globalis-ms.com,https://www.globalis-ms.com/
161,Septeo,,"14, rue Magellan",https://www.cloudlist.fr/annuaire/editeurs/logiciels-metiers/septeo/,,https://www.septeo.fr/
162,Sopra Steria,['+33 (0)1 40 67 29 29'],9 Rue de Presbourg,https://www.cloudlist.fr/annuaire/editeurs/logiciels-metiers/sopra-steria/,,https://www.soprasteria.com/fr
163,Force 6,['0374050094'],"980 Rue Charles Pecqueur, 62620 Ruitz, France",https://www.cloudlist.fr/annuaire/editeurs/logiciels-metiers/force-6-logiciel-de-gestion-pour-le-batiment-btp/,vincent.robidet@force6.fr,https://www.force6.fr
164,Dévarius,['0987002838'],Pays de la Loire,https://www.cloudlist.fr/annuaire/editeurs/logiciels-metiers/devarius/,benoit@devarius.fr,https://devarius.fr
165,Phonilab,['0170807075'],"80 Rue Du Docteur Bauer, 93400 Saint-Ouen-sur-Seine, France",https://www.cloudlist.fr/annuaire/editeurs/logiciels-metiers/phonilab/,contact@phonilab.fr,https://phonilab.fr
166,Berger-Levrault,['+33(0)8 20 35 35 35'],892 Rue Yves Kermen,https://www.cloudlist.fr/annuaire/editeurs/logiciels-metiers/berger-levrault/,,
167,Salesforce,['00 353 1 440 3500'],,https://www.cloudlist.fr/annuaire/editeurs/cloud/salesforce/,,https://www.salesforce.com/fr
168,Eleven Labs,['+33 1 82 83 11 75'],"102 Rue Du Faubourg Saint-Honoré, 75008 Paris, France",https://www.cloudlist.fr/annuaire/editeurs/logiciels-metiers/eleven-labs/,contact@eleven-labs.com,https://eleven-labs.com/
169,Inser RH,['01 44 77 98 00'],,https://www.cloudlist.fr/annuaire/editeurs/logiciels-metiers/inser-rh/,,https://www.inserrh.com/
170,Novamap,['0491580040'],"180 Avenue Du Prado, 13008 Marseille, France",https://www.cloudlist.fr/annuaire/editeurs/logiciels-metiers/novamap/,,https://www.novamap.eu/
171,Acollab,['02 85 52 00 51'],,https://www.cloudlist.fr/annuaire/editeurs/logiciels-metiers/acollab/,,https://www.acollab.com/
172,D-XPERTS,['+33352829670'],7 rue Pierre Salmon,https://www.cloudlist.fr/annuaire/editeurs/cloud/d-xperts/,contact@d-xperts.com,http://www.d-xperts.com
173,FoxPlan,['0951641551'],4 PL MAURICE BERTEAUX,https://www.cloudlist.fr/annuaire/editeurs/logiciels-metiers/foxplan/,contact@fox-plan.com,https://www.fox-plan.fr/notre-solution/
174,Fleet Tracking,['0021625102508'],"111 Avenue Victor Hugo, 75116 Paris, France",https://www.cloudlist.fr/annuaire/editeurs/cloud/fleet-tracking/,yosra.gattoufi@geo-tracking.net,https://www.geo-tracking.net
175,dDruid,['0367707085'],Grand Est,https://www.cloudlist.fr/annuaire/editeurs/logiciels-metiers/ddruid/,,https://ddruid.io/
176,Keizai,['0670979858'],Provence-Alpes-Côte d’Azur,https://www.cloudlist.fr/annuaire/editeurs/logiciels-metiers/keizai/,marketing@keiz.ai,https://www.keiz.ai/
177,Chatbot Relation Citoyen,['+33 (0) 4 28 89 10 22'],"36 Quai Fulchiron, 69005 Lyon, France",https://www.cloudlist.fr/annuaire/editeurs/logiciels-metiers/chatbot-relation-citoyen/,contact@wikit.ai,https://chatbot-relation-citoyen.fr
178,Extrabat – Logiciel CRM Bâtiment,['09 87 87 69 20'],"49 Boulevard Besson Bey, 16000 Angoulême, France",https://www.cloudlist.fr/annuaire/editeurs/logiciels-metiers/extrabat-logiciel-crm-batiment/,,https://www.extrabat.com/
179,Freedz,['04 86 01 20 00'],"180 Avenue Du Prado, 13008 Marseille, France",https://www.cloudlist.fr/annuaire/editeurs/logiciels-metiers/freedz/,ghallion@neovacom.fr,https://www.freedz.io/
180,Board,['0143873736'],,https://www.cloudlist.fr/annuaire/editeurs/cloud/board/,,https://www.board.com/fr
181,Afineo Solutions,['09 72 10 11 72'],,https://www.cloudlist.fr/annuaire/editeurs/cloud/afineo-solutions/,,https://www.afineo.com/
182,Logiciel point de vente Gexell,['04 91 16 54 63'],9 Rue Jacques Réattu,https://www.cloudlist.fr/annuaire/editeurs/logiciels-metiers/logiciel-point-de-vente-gexell/,,http://gexell.com/
183,ATTIC +,['+33 (0)1 46 05 01 71'],,https://www.cloudlist.fr/annuaire/editeurs/logiciels-metiers/attic/,,https://www.attic-plus.fr/
184,DOCUWARE,['33 (0)1 57 19 03 23'],17 Rue Du Colisée,https://www.cloudlist.fr/annuaire/editeurs/cloud/docuware/,,https://start.docuware.com/fr/
185,Dassault Systèmes,['+33 (0)1 61 62 61 62'],"10, Rue Marcel Dassault",https://www.cloudlist.fr/annuaire/editeurs/logiciels-metiers/dassault-systemes/,,https://www.3ds.com/fr/
186,Ilex International,['01 46 88 03 40'],,https://www.cloudlist.fr/annuaire/editeurs/cloud/ilex-international-2/,,https://www.ilex-international.com/fr/
187,ServiceNow,['01 76 43 11 00'],,https://www.cloudlist.fr/annuaire/editeurs/cloud/servicenow/,,www.servicenow.com
188,Divalto,['03 88 64 50 60'],"11 Rue Icare, 67960 Entzheim, France",https://www.cloudlist.fr/annuaire/editeurs/erp/divalto/,info@divalto.com,https://www.divalto.com/
189,BIMData,['08 92 97 61 62'],,https://www.cloudlist.fr/annuaire/editeurs/cloud/bimdata/,support@bimdata.io,https://bimdata.io/
190,Avanteam,['01 34 58 73 73'],,https://www.cloudlist.fr/annuaire/editeurs/logiciels-metiers/avanteam/,,https://www.avanteam.fr/fr/
